Incorrect/1g6v_1_dir_896633_179w_1,The number of chains is different from 3: ['H' 'B']
Incorrect/1zvy_1_dir_1343595_57w_1,The number of chains is different from 3: ['H' 'B']
Incorrect/3rjq_1_dir_1033755_55w_1,The number of chains is different from 3: ['H' 'B']
Incorrect/4eig_1_dir_765827_64w_1,The number of chains is different from 3: ['H' 'B']
Incorrect/4i13_1_dir_2725782_165w_1,The number of chains is different from 3: ['H' 'B']
Incorrect/4i1n_1_dir_1704118_150w_1,The number of chains is different from 3: ['H' 'B']
Incorrect/4kml_1_dir_1804381_183w_1,The number of chains is different from 3: ['H' 'B']
Incorrect/4krl_1_dir_2857101_216w_1,The number of chains is different from 3: ['H' 'B']
Incorrect/4lgr_1_dir_863705_60w_1,The number of chains is different from 3: ['H' 'B']
Incorrect/4lgs_1_dir_1906973_8w_1,The number of chains is different from 3: ['H' 'B']
Incorrect/4lhj_1_dir_2029090_114w_1,The number of chains is different from 3: ['H' 'B']
Incorrect/4n9o_1_dir_912775_222w_1,The number of chains is different from 3: ['H' 'B']
Incorrect/4nc2_1_dir_2174148_134w_1,The number of chains is different from 3: ['H' 'B']
Incorrect/4wen_1_dir_1010547_92w_1,The number of chains is different from 3: ['H' 'B']
Incorrect/5e0q_1_dir_2895273_181w_1,The number of chains is different from 3: ['H' 'B']
Incorrect/5f1o_1_dir_905111_13w_1,"Nan values in the columns: ['b_u', 'b_d', 'a_u', 'a_d']."
Incorrect/5g5r_1_dir_3802633_224w_1,The number of chains is different from 3: ['H' 'B']
Incorrect/5imm_1_dir_2547_76w_1,The number of chains is different from 3: ['H' 'B']
Incorrect/5jds_1_dir_2567_17w_1,The number of chains is different from 3: ['H' 'B']
Incorrect/5my6_1_dir_256620_139w_1,The number of chains is different from 3: ['H' 'B']
Incorrect/5o02_1_dir_4029329_167w_1,The number of chains is different from 3: ['H' 'B']
Incorrect/5tjw_1_dir_4110617_58w_1,The number of chains is different from 3: ['H' 'B']
Incorrect/5vxl_1_dir_480414_61w_1,The number of chains is different from 3: ['H' 'B']
Incorrect/6c9w_1_dir_771159_175w_1,The number of chains is different from 3: ['H' 'B']
Incorrect/6f2g_1_dir_2770844_4w_1,The number of chains is different from 3: ['H' 'B']
Incorrect/6f2w_1_dir_1005150_231w_1,The number of chains is different from 3: ['H' 'B']
Incorrect/6g8r_1_dir_1025526_119w_1,"Nan values in the columns: ['b_u', 'b_d', 'a_u', 'a_d']."
Incorrect/6gjs_1_dir_1052417_207w_1,The number of chains is different from 3: ['H' 'B']
Incorrect/6gju_1_dir_1068226_49w_1,The number of chains is different from 3: ['H' 'B']
Incorrect/6gju_2_dir_1116464_250w_1,The number of chains is different from 3: ['H' 'B']
Incorrect/6gs1_1_dir_1119804_216w_1,The number of chains is different from 3: ['H' 'B']
Incorrect/6gwp_2_dir_1499694_125w_1,The number of chains is different from 3: ['H' 'B']
Incorrect/6gwq_1_dir_1332481_77w_1,The number of chains is different from 3: ['H' 'B']
Incorrect/6her_1_dir_1281390_197w_1,The number of chains is different from 3: ['H' 'B']
Incorrect/6hhu_1_dir_1292330_5w_1,The number of chains is different from 3: ['H' 'B']
Incorrect/6i6j_1_dir_1312716_23w_1,The number of chains is different from 3: ['H' 'B']
Incorrect/6i8g_1_dir_1403060_192w_1,The number of chains is different from 3: ['H' 'B']
Incorrect/6o3c_1_dir_2213735_97w_1,The number of chains is different from 3: ['H' 'B']
Incorrect/6obc_1_dir_2226637_226w_1,The number of chains is different from 3: ['H' 'B']
Incorrect/6qgw_1_dir_1842792_93w_1,The number of chains is different from 3: ['H' 'B']
Incorrect/6r7t_1_dir_2492979_22w_1,The number of chains is different from 3: ['H' 'B']
Incorrect/6rqm_1_dir_2582855_45w_1,The number of chains is different from 3: ['H' 'B']
Incorrect/6rtw_1_dir_2589920_202w_1,The number of chains is different from 3: ['H' 'B']
Incorrect/6yz5_1_dir_1923259_196w_1,The number of chains is different from 3: ['H' 'B']
Incorrect/6zbv_1_dir_3796986_49w_1,The number of chains is different from 3: ['H' 'B']
Incorrect/7b14_1_dir_3933629_239w_1,The number of chains is different from 3: ['H' 'B']
Incorrect/7d4b_1_dir_290884_170w_1,The number of chains is different from 3: ['H' 'B']
Incorrect/7e53_1_dir_427798_70w_1,The number of chains is different from 3: ['H' 'B']
Incorrect/7eow_1_dir_625084_26w_1,The number of chains is different from 3: ['H' 'B']
Incorrect/7kgj_1_dir_2536614_223w_1,The number of chains is different from 3: ['H' 'B']
Incorrect/7mji_1_dir_1857793_229w_1,The number of chains is different from 3: ['H' 'B']
Incorrect/7olz_1_dir_2001968_112w_1,The number of chains is different from 3: ['H' 'B']
Incorrect/7rnn_1_dir_2103028_159w_1,The number of chains is different from 3: ['H' 'B']
Incorrect/7sla_1_dir_2663784_58w_1,The number of chains is different from 3: ['H' 'B']
Incorrect/7vnb_1_dir_3568454_197w_1,The number of chains is different from 3: ['H' 'B']
Incorrect/1g6v_1_dir_896633_243w_1,The number of chains is different from 3: ['H' 'B']
Incorrect/1zvy_1_dir_1343595_27w_1,The number of chains is different from 3: ['H' 'B']
Incorrect/3rjq_1_dir_1033755_81w_1,The number of chains is different from 3: ['H' 'B']
Incorrect/4eig_1_dir_765827_9w_1,The number of chains is different from 3: ['H' 'B']
Incorrect/4i13_1_dir_2725782_80w_1,The number of chains is different from 3: ['H' 'B']
Incorrect/4i1n_1_dir_1704118_159w_1,The number of chains is different from 3: ['H' 'B']
Incorrect/4kml_1_dir_1804381_51w_1,The number of chains is different from 3: ['H' 'B']
Incorrect/4krl_1_dir_2857101_234w_1,The number of chains is different from 3: ['H' 'B']
Incorrect/4lgr_1_dir_863705_140w_1,The number of chains is different from 3: ['H' 'B']
Incorrect/4lgs_1_dir_1906973_41w_1,The number of chains is different from 3: ['H' 'B']
Incorrect/4lhj_1_dir_2029090_194w_1,The number of chains is different from 3: ['H' 'B']
Incorrect/4n9o_1_dir_912775_69w_1,The number of chains is different from 3: ['H' 'B']
Incorrect/4nc2_1_dir_2174148_104w_1,The number of chains is different from 3: ['H' 'B']
Incorrect/4wen_1_dir_1010547_64w_1,The number of chains is different from 3: ['H' 'B']
Incorrect/5e0q_1_dir_2895273_152w_1,The number of chains is different from 3: ['H' 'B']
Incorrect/5f1o_1_dir_905111_70w_1,"Nan values in the columns: ['b_u', 'b_d', 'a_u', 'a_d']."
Incorrect/5g5r_1_dir_3802633_207w_1,The number of chains is different from 3: ['H' 'B']
Incorrect/5imm_1_dir_2547_131w_1,The number of chains is different from 3: ['H' 'B']
Incorrect/5jds_1_dir_2567_72w_1,The number of chains is different from 3: ['H' 'B']
Incorrect/5my6_1_dir_256620_122w_1,The number of chains is different from 3: ['H' 'B']
Incorrect/5tjw_1_dir_4110617_217w_1,The number of chains is different from 3: ['H' 'B']
Incorrect/5vxl_1_dir_480414_157w_1,The number of chains is different from 3: ['H' 'B']
Incorrect/6c9w_1_dir_771159_128w_1,The number of chains is different from 3: ['H' 'B']
Incorrect/6f2g_1_dir_2770844_54w_1,The number of chains is different from 3: ['H' 'B']
Incorrect/6f2w_1_dir_1005150_104w_1,The number of chains is different from 3: ['H' 'B']
Incorrect/6g8r_1_dir_1025526_198w_1,"Nan values in the columns: ['b_u', 'b_d', 'a_u', 'a_d']."
Incorrect/6gjs_1_dir_1052417_152w_1,The number of chains is different from 3: ['H' 'B']
Incorrect/6gju_1_dir_1068226_123w_1,The number of chains is different from 3: ['H' 'B']
Incorrect/6gju_2_dir_1116464_73w_1,The number of chains is different from 3: ['H' 'B']
Incorrect/6gs1_1_dir_1119804_67w_1,The number of chains is different from 3: ['H' 'B']
Incorrect/6gwp_2_dir_1499694_73w_1,The number of chains is different from 3: ['H' 'B']
Incorrect/6gwq_1_dir_1332481_63w_1,The number of chains is different from 3: ['H' 'B']
Incorrect/6her_1_dir_1281390_145w_1,The number of chains is different from 3: ['H' 'B']
Incorrect/6hhu_1_dir_1292330_129w_1,The number of chains is different from 3: ['H' 'B']
Incorrect/6i6j_1_dir_1312716_13w_1,The number of chains is different from 3: ['H' 'B']
Incorrect/6i8g_1_dir_1403060_106w_1,The number of chains is different from 3: ['H' 'B']
Incorrect/6jb5_1_dir_1649116_12w_1,The number of chains is different from 3: ['H' 'B']
Incorrect/6o3c_1_dir_2213735_222w_1,The number of chains is different from 3: ['H' 'B']
Incorrect/6obc_1_dir_2226637_8w_1,The number of chains is different from 3: ['H' 'B']
Incorrect/6qgw_1_dir_1842792_244w_1,The number of chains is different from 3: ['H' 'B']
Incorrect/6r7t_1_dir_2492979_37w_1,The number of chains is different from 3: ['H' 'B']
Incorrect/6rqm_1_dir_2582855_16w_1,The number of chains is different from 3: ['H' 'B']
Incorrect/6rtw_1_dir_2589920_177w_1,The number of chains is different from 3: ['H' 'B']
Incorrect/6yz5_1_dir_1923259_56w_1,The number of chains is different from 3: ['H' 'B']
Incorrect/6zbv_1_dir_3796986_58w_1,The number of chains is different from 3: ['H' 'B']
Incorrect/7b14_1_dir_3933629_8w_1,The number of chains is different from 3: ['H' 'B']
Incorrect/7d4b_1_dir_290884_94w_1,The number of chains is different from 3: ['H' 'B']
Incorrect/7e53_1_dir_427798_43w_1,The number of chains is different from 3: ['H' 'B']
Incorrect/7eow_1_dir_625084_120w_1,The number of chains is different from 3: ['H' 'B']
Incorrect/7kgj_1_dir_2536614_4w_1,The number of chains is different from 3: ['H' 'B']
Incorrect/7mji_1_dir_1857793_232w_1,The number of chains is different from 3: ['H' 'B']
Incorrect/7olz_1_dir_2001968_244w_1,The number of chains is different from 3: ['H' 'B']
Incorrect/7rnn_1_dir_2103028_9w_1,The number of chains is different from 3: ['H' 'B']
Incorrect/7sla_1_dir_2663784_7w_1,The number of chains is different from 3: ['H' 'B']
Incorrect/7vnb_1_dir_3568454_121w_1,The number of chains is different from 3: ['H' 'B']
Acceptable/1g6v_1_dir_896633_108w_1,The number of chains is different from 3: ['H' 'B']
Acceptable/1g6v_1_dir_896633_161w_1,The number of chains is different from 3: ['H' 'B']
Acceptable/1g6v_1_dir_896633_190w_1,The number of chains is different from 3: ['H' 'B']
Acceptable/1g6v_1_dir_896633_206w_1,The number of chains is different from 3: ['H' 'B']
Acceptable/1g6v_1_dir_896633_20w_1,The number of chains is different from 3: ['H' 'B']
Acceptable/1g6v_1_dir_896633_237w_1,The number of chains is different from 3: ['H' 'B']
Acceptable/1g6v_1_dir_896633_241w_1,The number of chains is different from 3: ['H' 'B']
Acceptable/1g6v_1_dir_896633_244w_1,The number of chains is different from 3: ['H' 'B']
Acceptable/1g6v_1_dir_896633_83w_1,The number of chains is different from 3: ['H' 'B']
Acceptable/1g6v_1_dir_896633_84w_1,The number of chains is different from 3: ['H' 'B']
Acceptable/1g6v_1_dir_896633_90w_1,The number of chains is different from 3: ['H' 'B']
Acceptable/4i13_1_dir_2725782_69w_1,The number of chains is different from 3: ['H' 'B']
Acceptable/4lgs_1_dir_1906973_106w_1,The number of chains is different from 3: ['H' 'B']
Acceptable/4lgs_1_dir_1906973_117w_1,The number of chains is different from 3: ['H' 'B']
Acceptable/4lgs_1_dir_1906973_118w_1,The number of chains is different from 3: ['H' 'B']
Acceptable/4lgs_1_dir_1906973_130w_1,The number of chains is different from 3: ['H' 'B']
Acceptable/4lgs_1_dir_1906973_132w_1,The number of chains is different from 3: ['H' 'B']
Acceptable/4lgs_1_dir_1906973_140w_1,The number of chains is different from 3: ['H' 'B']
Acceptable/4lgs_1_dir_1906973_15w_1,The number of chains is different from 3: ['H' 'B']
Acceptable/4lgs_1_dir_1906973_161w_1,The number of chains is different from 3: ['H' 'B']
Acceptable/4lgs_1_dir_1906973_178w_1,The number of chains is different from 3: ['H' 'B']
Acceptable/4lgs_1_dir_1906973_194w_1,The number of chains is different from 3: ['H' 'B']
Acceptable/4lgs_1_dir_1906973_200w_1,The number of chains is different from 3: ['H' 'B']
Acceptable/4lgs_1_dir_1906973_210w_1,The number of chains is different from 3: ['H' 'B']
Acceptable/4lgs_1_dir_1906973_21w_1,The number of chains is different from 3: ['H' 'B']
Acceptable/4lgs_1_dir_1906973_22w_1,The number of chains is different from 3: ['H' 'B']
Acceptable/4lgs_1_dir_1906973_243w_1,The number of chains is different from 3: ['H' 'B']
Acceptable/4lgs_1_dir_1906973_248w_1,The number of chains is different from 3: ['H' 'B']
Acceptable/4lgs_1_dir_1906973_24w_1,The number of chains is different from 3: ['H' 'B']
Acceptable/4lgs_1_dir_1906973_27w_1,The number of chains is different from 3: ['H' 'B']
Acceptable/4lgs_1_dir_1906973_33w_1,The number of chains is different from 3: ['H' 'B']
Acceptable/4lgs_1_dir_1906973_37w_1,The number of chains is different from 3: ['H' 'B']
Acceptable/4lgs_1_dir_1906973_42w_1,The number of chains is different from 3: ['H' 'B']
Acceptable/4lgs_1_dir_1906973_46w_1,The number of chains is different from 3: ['H' 'B']
Acceptable/4lgs_1_dir_1906973_58w_1,The number of chains is different from 3: ['H' 'B']
Acceptable/4lgs_1_dir_1906973_61w_1,The number of chains is different from 3: ['H' 'B']
Acceptable/4lgs_1_dir_1906973_69w_1,The number of chains is different from 3: ['H' 'B']
Acceptable/4lgs_1_dir_1906973_6w_1,The number of chains is different from 3: ['H' 'B']
Acceptable/4lgs_1_dir_1906973_7w_1,The number of chains is different from 3: ['H' 'B']
Acceptable/4lgs_1_dir_1906973_82w_1,The number of chains is different from 3: ['H' 'B']
Acceptable/4lgs_1_dir_1906973_99w_1,The number of chains is different from 3: ['H' 'B']
Acceptable/5e0q_1_dir_2895273_113w_1,The number of chains is different from 3: ['H' 'B']
Acceptable/5e0q_1_dir_2895273_114w_1,The number of chains is different from 3: ['H' 'B']
Acceptable/5e0q_1_dir_2895273_155w_1,The number of chains is different from 3: ['H' 'B']
Acceptable/5e0q_1_dir_2895273_167w_1,The number of chains is different from 3: ['H' 'B']
Acceptable/5e0q_1_dir_2895273_214w_1,The number of chains is different from 3: ['H' 'B']
Acceptable/5e0q_1_dir_2895273_60w_1,The number of chains is different from 3: ['H' 'B']
Acceptable/5e0q_1_dir_2895273_88w_1,The number of chains is different from 3: ['H' 'B']
Acceptable/6c9w_1_dir_771159_129w_1,The number of chains is different from 3: ['H' 'B']
Acceptable/6c9w_1_dir_771159_144w_1,The number of chains is different from 3: ['H' 'B']
Acceptable/6c9w_1_dir_771159_157w_1,The number of chains is different from 3: ['H' 'B']
Acceptable/6c9w_1_dir_771159_171w_1,The number of chains is different from 3: ['H' 'B']
Acceptable/6c9w_1_dir_771159_183w_1,The number of chains is different from 3: ['H' 'B']
Acceptable/6c9w_1_dir_771159_185w_1,The number of chains is different from 3: ['H' 'B']
Acceptable/6c9w_1_dir_771159_212w_1,The number of chains is different from 3: ['H' 'B']
Acceptable/6c9w_1_dir_771159_238w_1,The number of chains is different from 3: ['H' 'B']
Acceptable/6c9w_1_dir_771159_30w_1,The number of chains is different from 3: ['H' 'B']
Acceptable/6c9w_1_dir_771159_71w_1,The number of chains is different from 3: ['H' 'B']
Acceptable/6gs1_1_dir_1119804_138w_1,The number of chains is different from 3: ['H' 'B']
Acceptable/6gs1_1_dir_1119804_141w_1,The number of chains is different from 3: ['H' 'B']
Acceptable/6gs1_1_dir_1119804_170w_1,The number of chains is different from 3: ['H' 'B']
Acceptable/6gs1_1_dir_1119804_171w_1,The number of chains is different from 3: ['H' 'B']
Acceptable/6gs1_1_dir_1119804_189w_1,The number of chains is different from 3: ['H' 'B']
Acceptable/6gs1_1_dir_1119804_191w_1,The number of chains is different from 3: ['H' 'B']
Acceptable/6gs1_1_dir_1119804_203w_1,The number of chains is different from 3: ['H' 'B']
Acceptable/6gs1_1_dir_1119804_245w_1,The number of chains is different from 3: ['H' 'B']
Acceptable/6gs1_1_dir_1119804_89w_1,The number of chains is different from 3: ['H' 'B']
Acceptable/6i6j_1_dir_1312716_108w_1,The number of chains is different from 3: ['H' 'B']
Acceptable/6i6j_1_dir_1312716_129w_1,The number of chains is different from 3: ['H' 'B']
Acceptable/6i6j_1_dir_1312716_138w_1,The number of chains is different from 3: ['H' 'B']
Acceptable/6i6j_1_dir_1312716_142w_1,The number of chains is different from 3: ['H' 'B']
Acceptable/6i6j_1_dir_1312716_15w_1,The number of chains is different from 3: ['H' 'B']
Acceptable/6i6j_1_dir_1312716_166w_1,The number of chains is different from 3: ['H' 'B']
Acceptable/6i6j_1_dir_1312716_194w_1,The number of chains is different from 3: ['H' 'B']
Acceptable/6i6j_1_dir_1312716_197w_1,The number of chains is different from 3: ['H' 'B']
Acceptable/6i6j_1_dir_1312716_212w_1,The number of chains is different from 3: ['H' 'B']
Acceptable/6i6j_1_dir_1312716_227w_1,The number of chains is different from 3: ['H' 'B']
Acceptable/6i6j_1_dir_1312716_229w_1,The number of chains is different from 3: ['H' 'B']
Acceptable/6i6j_1_dir_1312716_28w_1,The number of chains is different from 3: ['H' 'B']
Acceptable/6i6j_1_dir_1312716_30w_1,The number of chains is different from 3: ['H' 'B']
Acceptable/6i6j_1_dir_1312716_34w_1,The number of chains is different from 3: ['H' 'B']
Acceptable/6i6j_1_dir_1312716_46w_1,The number of chains is different from 3: ['H' 'B']
Acceptable/6i6j_1_dir_1312716_47w_1,The number of chains is different from 3: ['H' 'B']
Acceptable/6i6j_1_dir_1312716_56w_1,The number of chains is different from 3: ['H' 'B']
Acceptable/6i6j_1_dir_1312716_62w_1,The number of chains is different from 3: ['H' 'B']
Acceptable/6i6j_1_dir_1312716_63w_1,The number of chains is different from 3: ['H' 'B']
Acceptable/6i6j_1_dir_1312716_66w_1,The number of chains is different from 3: ['H' 'B']
Acceptable/6i6j_1_dir_1312716_91w_1,The number of chains is different from 3: ['H' 'B']
Acceptable/6i6j_1_dir_1312716_94w_1,The number of chains is different from 3: ['H' 'B']
Acceptable/6i6j_1_dir_1312716_98w_1,The number of chains is different from 3: ['H' 'B']
Acceptable/6o3c_1_dir_2213735_164w_1,The number of chains is different from 3: ['H' 'B']
Acceptable/6o3c_1_dir_2213735_23w_1,The number of chains is different from 3: ['H' 'B']
Acceptable/6o3c_1_dir_2213735_247w_1,The number of chains is different from 3: ['H' 'B']
Acceptable/6r7t_1_dir_2492979_221w_1,The number of chains is different from 3: ['H' 'B']
Acceptable/6r7t_1_dir_2492979_41w_1,The number of chains is different from 3: ['H' 'B']
Acceptable/6zbv_1_dir_3796986_115w_1,The number of chains is different from 3: ['H' 'B']
Acceptable/7b14_1_dir_3933629_12w_1,The number of chains is different from 3: ['H' 'B']
Acceptable/7b14_1_dir_3933629_149w_1,The number of chains is different from 3: ['H' 'B']
Acceptable/7b14_1_dir_3933629_194w_1,The number of chains is different from 3: ['H' 'B']
Acceptable/7eow_1_dir_625084_107w_1,The number of chains is different from 3: ['H' 'B']
Acceptable/7eow_1_dir_625084_115w_1,The number of chains is different from 3: ['H' 'B']
Acceptable/7eow_1_dir_625084_117w_1,The number of chains is different from 3: ['H' 'B']
Acceptable/7eow_1_dir_625084_159w_1,The number of chains is different from 3: ['H' 'B']
Acceptable/7eow_1_dir_625084_204w_1,The number of chains is different from 3: ['H' 'B']
Acceptable/7eow_1_dir_625084_205w_1,The number of chains is different from 3: ['H' 'B']
Acceptable/7eow_1_dir_625084_247w_1,The number of chains is different from 3: ['H' 'B']
Acceptable/7eow_1_dir_625084_75w_1,The number of chains is different from 3: ['H' 'B']
Medium/1g6v_1_dir_896633_114w_1,The number of chains is different from 3: ['H' 'B']
Medium/1g6v_1_dir_896633_138w_1,The number of chains is different from 3: ['H' 'B']
Medium/4i13_1_dir_2725782_1w_1,The number of chains is different from 3: ['H' 'B']
Medium/4lgs_1_dir_1906973_110w_1,The number of chains is different from 3: ['H' 'B']
Medium/4lgs_1_dir_1906973_139w_1,The number of chains is different from 3: ['H' 'B']
Medium/4lgs_1_dir_1906973_13w_1,The number of chains is different from 3: ['H' 'B']
Medium/4lgs_1_dir_1906973_26w_1,The number of chains is different from 3: ['H' 'B']
Medium/4lgs_1_dir_1906973_3w_1,The number of chains is different from 3: ['H' 'B']
Medium/4lgs_1_dir_1906973_5w_1,The number of chains is different from 3: ['H' 'B']
Medium/4lgs_1_dir_1906973_74w_1,The number of chains is different from 3: ['H' 'B']
Medium/4lgs_1_dir_1906973_9w_1,The number of chains is different from 3: ['H' 'B']
Medium/5e0q_1_dir_2895273_122w_1,The number of chains is different from 3: ['H' 'B']
Medium/5e0q_1_dir_2895273_135w_1,The number of chains is different from 3: ['H' 'B']
Medium/5e0q_1_dir_2895273_13w_1,The number of chains is different from 3: ['H' 'B']
Medium/5e0q_1_dir_2895273_144w_1,The number of chains is different from 3: ['H' 'B']
Medium/5e0q_1_dir_2895273_32w_1,The number of chains is different from 3: ['H' 'B']
Medium/5o02_1_dir_4029329_144w_1,The number of chains is different from 3: ['H' 'B']
Medium/5o02_1_dir_4029329_16w_1,The number of chains is different from 3: ['H' 'B']
Medium/5o02_1_dir_4029329_1w_1,The number of chains is different from 3: ['H' 'B']
Medium/5o02_1_dir_4029329_22w_1,The number of chains is different from 3: ['H' 'B']
Medium/5o02_1_dir_4029329_26w_1,The number of chains is different from 3: ['H' 'B']
Medium/5o02_1_dir_4029329_2w_1,The number of chains is different from 3: ['H' 'B']
Medium/5o02_1_dir_4029329_33w_1,The number of chains is different from 3: ['H' 'B']
Medium/5o02_1_dir_4029329_38w_1,The number of chains is different from 3: ['H' 'B']
Medium/5o02_1_dir_4029329_52w_1,The number of chains is different from 3: ['H' 'B']
Medium/5o02_1_dir_4029329_7w_1,The number of chains is different from 3: ['H' 'B']
Medium/6c9w_1_dir_771159_182w_1,The number of chains is different from 3: ['H' 'B']
Medium/6c9w_1_dir_771159_20w_1,The number of chains is different from 3: ['H' 'B']
Medium/6gs1_1_dir_1119804_100w_1,The number of chains is different from 3: ['H' 'B']
Medium/6gs1_1_dir_1119804_195w_1,The number of chains is different from 3: ['H' 'B']
Medium/6i6j_1_dir_1312716_12w_1,The number of chains is different from 3: ['H' 'B']
Medium/6i6j_1_dir_1312716_27w_1,The number of chains is different from 3: ['H' 'B']
Medium/6i6j_1_dir_1312716_40w_1,The number of chains is different from 3: ['H' 'B']
Medium/6i6j_1_dir_1312716_81w_1,The number of chains is different from 3: ['H' 'B']
Medium/6o3c_1_dir_2213735_197w_1,The number of chains is different from 3: ['H' 'B']
Medium/6o3c_1_dir_2213735_210w_1,The number of chains is different from 3: ['H' 'B']
Medium/6o3c_1_dir_2213735_223w_1,The number of chains is different from 3: ['H' 'B']
Medium/6o3c_1_dir_2213735_37w_1,The number of chains is different from 3: ['H' 'B']
Medium/6r7t_1_dir_2492979_21w_1,The number of chains is different from 3: ['H' 'B']
Medium/6zbv_1_dir_3796986_8w_1,The number of chains is different from 3: ['H' 'B']
Medium/7b14_1_dir_3933629_3w_1,The number of chains is different from 3: ['H' 'B']
Medium/7eow_1_dir_625084_139w_1,The number of chains is different from 3: ['H' 'B']
Medium/7eow_1_dir_625084_168w_1,The number of chains is different from 3: ['H' 'B']
Medium/7eow_1_dir_625084_183w_1,The number of chains is different from 3: ['H' 'B']
Medium/7eow_1_dir_625084_196w_1,The number of chains is different from 3: ['H' 'B']
Medium/7eow_1_dir_625084_202w_1,The number of chains is different from 3: ['H' 'B']
Medium/7eow_1_dir_625084_208w_1,The number of chains is different from 3: ['H' 'B']
Medium/7eow_1_dir_625084_209w_1,The number of chains is different from 3: ['H' 'B']
Medium/7eow_1_dir_625084_24w_1,The number of chains is different from 3: ['H' 'B']
High/1g6v_1_dir_896633_175w_1,The number of chains is different from 3: ['H' 'B']
High/1g6v_1_dir_896633_249w_1,The number of chains is different from 3: ['H' 'B']
High/4i13_1_dir_2725782_134w_1,The number of chains is different from 3: ['H' 'B']
High/4i13_1_dir_2725782_13w_1,The number of chains is different from 3: ['H' 'B']
High/4i13_1_dir_2725782_14w_1,The number of chains is different from 3: ['H' 'B']
High/4i13_1_dir_2725782_15w_1,The number of chains is different from 3: ['H' 'B']
High/4i13_1_dir_2725782_188w_1,The number of chains is different from 3: ['H' 'B']
High/4i13_1_dir_2725782_20w_1,The number of chains is different from 3: ['H' 'B']
High/4i13_1_dir_2725782_31w_1,The number of chains is different from 3: ['H' 'B']
High/4i13_1_dir_2725782_37w_1,The number of chains is different from 3: ['H' 'B']
High/4i13_1_dir_2725782_83w_1,The number of chains is different from 3: ['H' 'B']
High/4lgs_1_dir_1906973_12w_1,The number of chains is different from 3: ['H' 'B']
High/4lgs_1_dir_1906973_1w_1,The number of chains is different from 3: ['H' 'B']
High/4lgs_1_dir_1906973_2w_1,The number of chains is different from 3: ['H' 'B']
High/4lgs_1_dir_1906973_43w_1,The number of chains is different from 3: ['H' 'B']
High/4lgs_1_dir_1906973_4w_1,The number of chains is different from 3: ['H' 'B']
High/5e0q_1_dir_2895273_101w_1,The number of chains is different from 3: ['H' 'B']
High/5e0q_1_dir_2895273_104w_1,The number of chains is different from 3: ['H' 'B']
High/5e0q_1_dir_2895273_110w_1,The number of chains is different from 3: ['H' 'B']
High/5e0q_1_dir_2895273_11w_1,The number of chains is different from 3: ['H' 'B']
High/5e0q_1_dir_2895273_12w_1,The number of chains is different from 3: ['H' 'B']
High/5e0q_1_dir_2895273_14w_1,The number of chains is different from 3: ['H' 'B']
High/5e0q_1_dir_2895273_159w_1,The number of chains is different from 3: ['H' 'B']
High/5e0q_1_dir_2895273_15w_1,The number of chains is different from 3: ['H' 'B']
High/5e0q_1_dir_2895273_169w_1,The number of chains is different from 3: ['H' 'B']
High/5e0q_1_dir_2895273_16w_1,The number of chains is different from 3: ['H' 'B']
High/5e0q_1_dir_2895273_175w_1,The number of chains is different from 3: ['H' 'B']
High/5e0q_1_dir_2895273_176w_1,The number of chains is different from 3: ['H' 'B']
High/5e0q_1_dir_2895273_188w_1,The number of chains is different from 3: ['H' 'B']
High/5e0q_1_dir_2895273_192w_1,The number of chains is different from 3: ['H' 'B']
High/5e0q_1_dir_2895273_194w_1,The number of chains is different from 3: ['H' 'B']
High/5e0q_1_dir_2895273_195w_1,The number of chains is different from 3: ['H' 'B']
High/5e0q_1_dir_2895273_196w_1,The number of chains is different from 3: ['H' 'B']
High/5e0q_1_dir_2895273_1w_1,The number of chains is different from 3: ['H' 'B']
High/5e0q_1_dir_2895273_202w_1,The number of chains is different from 3: ['H' 'B']
High/5e0q_1_dir_2895273_212w_1,The number of chains is different from 3: ['H' 'B']
High/5e0q_1_dir_2895273_21w_1,The number of chains is different from 3: ['H' 'B']
High/5e0q_1_dir_2895273_23w_1,The number of chains is different from 3: ['H' 'B']
High/5e0q_1_dir_2895273_24w_1,The number of chains is different from 3: ['H' 'B']
High/5e0q_1_dir_2895273_25w_1,The number of chains is different from 3: ['H' 'B']
High/5e0q_1_dir_2895273_26w_1,The number of chains is different from 3: ['H' 'B']
High/5e0q_1_dir_2895273_27w_1,The number of chains is different from 3: ['H' 'B']
High/5e0q_1_dir_2895273_29w_1,The number of chains is different from 3: ['H' 'B']
High/5e0q_1_dir_2895273_2w_1,The number of chains is different from 3: ['H' 'B']
High/5e0q_1_dir_2895273_31w_1,The number of chains is different from 3: ['H' 'B']
High/5e0q_1_dir_2895273_33w_1,The number of chains is different from 3: ['H' 'B']
High/5e0q_1_dir_2895273_36w_1,The number of chains is different from 3: ['H' 'B']
High/5e0q_1_dir_2895273_38w_1,The number of chains is different from 3: ['H' 'B']
High/5e0q_1_dir_2895273_39w_1,The number of chains is different from 3: ['H' 'B']
High/5e0q_1_dir_2895273_3w_1,The number of chains is different from 3: ['H' 'B']
High/5e0q_1_dir_2895273_41w_1,The number of chains is different from 3: ['H' 'B']
High/5e0q_1_dir_2895273_43w_1,The number of chains is different from 3: ['H' 'B']
High/5e0q_1_dir_2895273_46w_1,The number of chains is different from 3: ['H' 'B']
High/5e0q_1_dir_2895273_50w_1,The number of chains is different from 3: ['H' 'B']
High/5e0q_1_dir_2895273_51w_1,The number of chains is different from 3: ['H' 'B']
High/5e0q_1_dir_2895273_52w_1,The number of chains is different from 3: ['H' 'B']
High/5e0q_1_dir_2895273_58w_1,The number of chains is different from 3: ['H' 'B']
High/5e0q_1_dir_2895273_59w_1,The number of chains is different from 3: ['H' 'B']
High/5e0q_1_dir_2895273_5w_1,The number of chains is different from 3: ['H' 'B']
High/5e0q_1_dir_2895273_62w_1,The number of chains is different from 3: ['H' 'B']
High/5e0q_1_dir_2895273_63w_1,The number of chains is different from 3: ['H' 'B']
High/5e0q_1_dir_2895273_64w_1,The number of chains is different from 3: ['H' 'B']
High/5e0q_1_dir_2895273_68w_1,The number of chains is different from 3: ['H' 'B']
High/5e0q_1_dir_2895273_74w_1,The number of chains is different from 3: ['H' 'B']
High/5e0q_1_dir_2895273_7w_1,The number of chains is different from 3: ['H' 'B']
High/5e0q_1_dir_2895273_81w_1,The number of chains is different from 3: ['H' 'B']
High/5e0q_1_dir_2895273_83w_1,The number of chains is different from 3: ['H' 'B']
High/5e0q_1_dir_2895273_84w_1,The number of chains is different from 3: ['H' 'B']
High/5e0q_1_dir_2895273_89w_1,The number of chains is different from 3: ['H' 'B']
High/5e0q_1_dir_2895273_90w_1,The number of chains is different from 3: ['H' 'B']
High/5e0q_1_dir_2895273_9w_1,The number of chains is different from 3: ['H' 'B']
High/5o02_1_dir_4029329_10w_1,The number of chains is different from 3: ['H' 'B']
High/5o02_1_dir_4029329_111w_1,The number of chains is different from 3: ['H' 'B']
High/5o02_1_dir_4029329_112w_1,The number of chains is different from 3: ['H' 'B']
High/5o02_1_dir_4029329_113w_1,The number of chains is different from 3: ['H' 'B']
High/5o02_1_dir_4029329_11w_1,The number of chains is different from 3: ['H' 'B']
High/5o02_1_dir_4029329_124w_1,The number of chains is different from 3: ['H' 'B']
High/5o02_1_dir_4029329_129w_1,The number of chains is different from 3: ['H' 'B']
High/5o02_1_dir_4029329_142w_1,The number of chains is different from 3: ['H' 'B']
High/5o02_1_dir_4029329_14w_1,The number of chains is different from 3: ['H' 'B']
High/5o02_1_dir_4029329_151w_1,The number of chains is different from 3: ['H' 'B']
High/5o02_1_dir_4029329_201w_1,The number of chains is different from 3: ['H' 'B']
High/5o02_1_dir_4029329_203w_1,The number of chains is different from 3: ['H' 'B']
High/5o02_1_dir_4029329_21w_1,The number of chains is different from 3: ['H' 'B']
High/5o02_1_dir_4029329_235w_1,The number of chains is different from 3: ['H' 'B']
High/5o02_1_dir_4029329_246w_1,The number of chains is different from 3: ['H' 'B']
High/5o02_1_dir_4029329_28w_1,The number of chains is different from 3: ['H' 'B']
High/5o02_1_dir_4029329_56w_1,The number of chains is different from 3: ['H' 'B']
High/5o02_1_dir_4029329_6w_1,The number of chains is different from 3: ['H' 'B']
High/5o02_1_dir_4029329_89w_1,The number of chains is different from 3: ['H' 'B']
High/5o02_1_dir_4029329_92w_1,The number of chains is different from 3: ['H' 'B']
High/5o02_1_dir_4029329_95w_1,The number of chains is different from 3: ['H' 'B']
High/6c9w_1_dir_771159_11w_1,The number of chains is different from 3: ['H' 'B']
High/6c9w_1_dir_771159_13w_1,The number of chains is different from 3: ['H' 'B']
High/6c9w_1_dir_771159_14w_1,The number of chains is different from 3: ['H' 'B']
High/6c9w_1_dir_771159_25w_1,The number of chains is different from 3: ['H' 'B']
High/6c9w_1_dir_771159_29w_1,The number of chains is different from 3: ['H' 'B']
High/6c9w_1_dir_771159_38w_1,The number of chains is different from 3: ['H' 'B']
High/6c9w_1_dir_771159_3w_1,The number of chains is different from 3: ['H' 'B']
High/6c9w_1_dir_771159_43w_1,The number of chains is different from 3: ['H' 'B']
High/6c9w_1_dir_771159_52w_1,The number of chains is different from 3: ['H' 'B']
High/6c9w_1_dir_771159_55w_1,The number of chains is different from 3: ['H' 'B']
High/6c9w_1_dir_771159_5w_1,The number of chains is different from 3: ['H' 'B']
High/6c9w_1_dir_771159_81w_1,The number of chains is different from 3: ['H' 'B']
High/6c9w_1_dir_771159_8w_1,The number of chains is different from 3: ['H' 'B']
High/6c9w_1_dir_771159_9w_1,The number of chains is different from 3: ['H' 'B']
High/6gs1_1_dir_1119804_104w_1,The number of chains is different from 3: ['H' 'B']
High/6gs1_1_dir_1119804_179w_1,The number of chains is different from 3: ['H' 'B']
High/6gs1_1_dir_1119804_55w_1,The number of chains is different from 3: ['H' 'B']
High/6i6j_1_dir_1312716_10w_1,The number of chains is different from 3: ['H' 'B']
High/6i6j_1_dir_1312716_11w_1,The number of chains is different from 3: ['H' 'B']
High/6i6j_1_dir_1312716_1w_1,The number of chains is different from 3: ['H' 'B']
High/6i6j_1_dir_1312716_2w_1,The number of chains is different from 3: ['H' 'B']
High/6i6j_1_dir_1312716_3w_1,The number of chains is different from 3: ['H' 'B']
High/6i6j_1_dir_1312716_4w_1,The number of chains is different from 3: ['H' 'B']
High/6i6j_1_dir_1312716_5w_1,The number of chains is different from 3: ['H' 'B']
High/6i6j_1_dir_1312716_6w_1,The number of chains is different from 3: ['H' 'B']
High/6i6j_1_dir_1312716_7w_1,The number of chains is different from 3: ['H' 'B']
High/6i6j_1_dir_1312716_8w_1,The number of chains is different from 3: ['H' 'B']
High/6i6j_1_dir_1312716_9w_1,The number of chains is different from 3: ['H' 'B']
High/6o3c_1_dir_2213735_1w_1,The number of chains is different from 3: ['H' 'B']
High/6r7t_1_dir_2492979_2w_1,The number of chains is different from 3: ['H' 'B']
High/6r7t_1_dir_2492979_4w_1,The number of chains is different from 3: ['H' 'B']
High/6zbv_1_dir_3796986_12w_1,The number of chains is different from 3: ['H' 'B']
High/6zbv_1_dir_3796986_14w_1,The number of chains is different from 3: ['H' 'B']
High/6zbv_1_dir_3796986_15w_1,The number of chains is different from 3: ['H' 'B']
High/6zbv_1_dir_3796986_19w_1,The number of chains is different from 3: ['H' 'B']
High/6zbv_1_dir_3796986_45w_1,The number of chains is different from 3: ['H' 'B']
High/6zbv_1_dir_3796986_4w_1,The number of chains is different from 3: ['H' 'B']
High/6zbv_1_dir_3796986_68w_1,The number of chains is different from 3: ['H' 'B']
High/6zbv_1_dir_3796986_7w_1,The number of chains is different from 3: ['H' 'B']
High/6zbv_1_dir_3796986_9w_1,The number of chains is different from 3: ['H' 'B']
High/7b14_1_dir_3933629_2w_1,The number of chains is different from 3: ['H' 'B']
High/7b14_1_dir_3933629_4w_1,The number of chains is different from 3: ['H' 'B']
High/7eow_1_dir_625084_191w_1,The number of chains is different from 3: ['H' 'B']
High/7eow_1_dir_625084_217w_1,The number of chains is different from 3: ['H' 'B']
High/7eow_1_dir_625084_27w_1,The number of chains is different from 3: ['H' 'B']
High/7eow_1_dir_625084_30w_1,The number of chains is different from 3: ['H' 'B']
High/7eow_1_dir_625084_40w_1,The number of chains is different from 3: ['H' 'B']
High/7eow_1_dir_625084_6w_1,The number of chains is different from 3: ['H' 'B']
High/7eow_1_dir_625084_83w_1,The number of chains is different from 3: ['H' 'B']
